Provider,TLD,Price,Date
Dynadot,.com,9.92,2026-10-07 03:08:23
Dynadot,.org,7.28,2026-10-07 03:08:23
Dynadot,.co,14.12,2026-10-07 03:08:23
Dynadot,.io,26.32,2026-10-07 03:08:23
Dynadot,.net,11.41,2026-10-07 03:08:23
Namecheap,.com,8.27,2026-10-07 03:08:23
Namecheap,.net,9.4,2026-10-07 03:08:23
Namecheap,.org,6.39,2026-10-07 03:08:23
Namecheap,.io,26.35,2026-10-07 03:08:23
Namecheap,.co,6.01,2026-10-07 03:08:23
Porkbun,.co,15.76,2026-10-07 03:08:23
Porkbun,.com,11.08,2026-10-07 03:08:23
Porkbun,.io,28.12,2026-10-07 03:08:23
Porkbun,.net,12.52,2026-10-07 03:08:23
Porkbun,.org,7.98,2026-10-07 03:08:23
IONOS,.co,36.0,2026-10-07 03:08:23
IONOS,.com,10.0,2026-10-07 03:08:23
IONOS,.org,7.0,2026-10-07 03:08:23
IONOS,.io,40.99,2026-10-07 03:08:23
IONOS,.net,12.0,2026-10-07 03:08:23
